Team,Conference,ConferenceAbbrev,Power5,FBS,Nickname,Name1,Name2,Name3,Name4,Name5,Name6,Name7,urlSchool
Boston College,Atlantic Coast,ACC,TRUE,TRUE,Eagles,BC,Boston Col.,,,,,,https://a.espncdn.com/i/teamlogos/ncaa/500/103.png
Clemson,Atlantic Coast,ACC,TRUE,TRUE,Tigers,CLEM,,,,,,,https://a.espncdn.com/i/teamlogos/ncaa/500/228.png
Duke,Atlantic Coast,ACC,TRUE,TRUE,Blue Devils,DUKE,,,,,,,https://a.espncdn.com/i/teamlogos/ncaa/500/150.png
Florida St.,Atlantic Coast,ACC,TRUE,TRUE,Seminoles,FSU,Florida St,Florida State,,,,,https://a.espncdn.com/i/teamlogos/ncaa/500/52.png
Georgia Tech,Atlantic Coast,ACC,TRUE,TRUE,Yellow Jackets,GT,,,,,,,https://a.espncdn.com/i/teamlogos/ncaa/500/59.png
Louisville,Atlantic Coast,ACC,TRUE,TRUE,Cardinals,LOU,,,,,,,https://a.espncdn.com/i/teamlogos/ncaa/500/97.png
Miami (FL),Atlantic Coast,ACC,TRUE,TRUE,Hurricanes,MIA,Miami (Fla),Miami,Miami FL,Miami (Florida),Miami (Fla.),,https://a.espncdn.com/i/teamlogos/ncaa/500/2390.png
North Carolina,Atlantic Coast,ACC,TRUE,TRUE,Tar Heels,UNC,N Carolina,,,,,,https://a.espncdn.com/i/teamlogos/ncaa/500/153.png
NC State,Atlantic Coast,ACC,TRUE,TRUE,Wolfpack,NCST,North Carolina St.,North Carolina St,NC St.,NC St,North Carolina State,N Carolina St,https://a.espncdn.com/i/teamlogos/ncaa/500/152.png
Pittsburgh,Atlantic Coast,ACC,TRUE,TRUE,Panthers,PITT,Pitt,,,,,,https://a.espncdn.com/i/teamlogos/ncaa/500/221.png
Syracuse,Atlantic Coast,ACC,TRUE,TRUE,Orange,SYR,,,,,,,https://a.espncdn.com/i/teamlogos/ncaa/500/183.png
Virginia,Atlantic Coast,ACC,TRUE,TRUE,Cavaliers,UVA,,,,,,,https://a.espncdn.com/i/teamlogos/ncaa/500/258.png
Virginia Tech,Atlantic Coast,ACC,TRUE,TRUE,Hokies,VT,,,,,,,https://a.espncdn.com/i/teamlogos/ncaa/500/259.png
Wake Forest,Atlantic Coast,ACC,TRUE,TRUE,Demon Deacons,WAKE,,,,,,,https://a.espncdn.com/i/teamlogos/ncaa/500/154.png
Central Florida,American Athletic,AAC,FALSE,TRUE,Knights,UCF,C Florida,,,,,,https://a.espncdn.com/i/teamlogos/ncaa/500/2116.png
Cincinnati,American Athletic,AAC,FALSE,TRUE,Bearcats,CIN,,,,,,,https://a.espncdn.com/i/teamlogos/ncaa/500/2132.png
Connecticut,American Athletic,AAC,FALSE,TRUE,Huskies,CONN,UConn,,,,,,https://a.espncdn.com/i/teamlogos/ncaa/500/41.png
East Carolina,American Athletic,AAC,FALSE,TRUE,Pirates,ECU,,,,,,,https://a.espncdn.com/i/teamlogos/ncaa/500/151.png
Houston,American Athletic,AAC,FALSE,TRUE,Cougars,HOU,,,,,,,https://a.espncdn.com/i/teamlogos/ncaa/500/248.png
Memphis,American Athletic,AAC,FALSE,TRUE,Tigers,MEM,,,,,,,https://a.espncdn.com/i/teamlogos/ncaa/500/235.png
Navy,American Athletic,AAC,FALSE,TRUE,Midshipmen,NAVY,,,,,,,https://a.espncdn.com/i/teamlogos/ncaa/500/2426.png
SMU,American Athletic,AAC,FALSE,TRUE,Mustangs,SMU,Southern Methodist,,,,,,https://a.espncdn.com/i/teamlogos/ncaa/500/2567.png
South Florida,American Athletic,AAC,FALSE,TRUE,Bulls,USF,S Florida,South Fla.,,,,,https://a.espncdn.com/i/teamlogos/ncaa/500/58.png
Temple,American Athletic,AAC,FALSE,TRUE,Owls,TEM,,,,,,,https://a.espncdn.com/i/teamlogos/ncaa/500/218.png
Tulane,American Athletic,AAC,FALSE,TRUE,Green Wave,TULN,,,,,,,https://a.espncdn.com/i/teamlogos/ncaa/500/2655.png
Tulsa,American Athletic,AAC,FALSE,TRUE,Golden Hurricane,TLSA,,,,,,,https://a.espncdn.com/i/teamlogos/ncaa/500/202.png
Baylor,Big Twelve,Big 12,TRUE,TRUE,Bears,BAY,,,,,,,https://a.espncdn.com/i/teamlogos/ncaa/500/239.png
Iowa St.,Big Twelve,Big 12,TRUE,TRUE,Cyclones,ISU,Iowa St,Iowa State,,,,,https://a.espncdn.com/i/teamlogos/ncaa/500/66.png
Kansas,Big Twelve,Big 12,TRUE,TRUE,Jayhawks,KU,,,,,,,https://a.espncdn.com/i/teamlogos/ncaa/500/2305.png
Kansas St.,Big Twelve,Big 12,TRUE,TRUE,Wildcats,KSU,Kansas St,Kansas State,,,,,https://a.espncdn.com/i/teamlogos/ncaa/500/2306.png
Oklahoma,Big Twelve,Big 12,TRUE,TRUE,Sooners,OKLA,OU,,,,,,https://a.espncdn.com/i/teamlogos/ncaa/500/201.png
Oklahoma St.,Big Twelve,Big 12,TRUE,TRUE,Cowboys,OKST,Oklahoma St,Oklahoma State,,,,,https://a.espncdn.com/i/teamlogos/ncaa/500/197.png
TCU,Big Twelve,Big 12,TRUE,TRUE,Horned Frogs,TCU,Texas Christian,Texas-Christian,,,,,https://a.espncdn.com/i/teamlogos/ncaa/500/2628.png
Texas,Big Twelve,Big 12,TRUE,TRUE,Longhorns,TEX,,,,,,,https://a.espncdn.com/i/teamlogos/ncaa/500/251.png
Texas Tech,Big Twelve,Big 12,TRUE,TRUE,Red Raiders,TTU,,,,,,,https://a.espncdn.com/i/teamlogos/ncaa/500/2641.png
West Virginia,Big Twelve,Big 12,TRUE,TRUE,Mountaineers,WVU,,,,,,,https://a.espncdn.com/i/teamlogos/ncaa/500/277.png
Illinois,Big Ten,B1G,TRUE,TRUE,Fighting Illini,ILL,,,,,,,https://a.espncdn.com/i/teamlogos/ncaa/500/356.png
Indiana,Big Ten,B1G,TRUE,TRUE,Hoosiers,IND,,,,,,,https://a.espncdn.com/i/teamlogos/ncaa/500/84.png
Iowa,Big Ten,B1G,TRUE,TRUE,Hawkeyes,IOWA,,,,,,,https://a.espncdn.com/i/teamlogos/ncaa/500/2294.png
Maryland,Big Ten,B1G,TRUE,TRUE,Terrapins,UMD,,,,,,,https://a.espncdn.com/i/teamlogos/ncaa/500/120.png
Michigan,Big Ten,B1G,TRUE,TRUE,Wolverines,MICH,,,,,,,https://a.espncdn.com/i/teamlogos/ncaa/500/130.png
Michigan St.,Big Ten,B1G,TRUE,TRUE,Spartans,MSU,Michigan St,Michigan State,Mich. St.,,,,https://a.espncdn.com/i/teamlogos/ncaa/500/127.png
Minnesota,Big Ten,B1G,TRUE,TRUE,Golden Gophers,MINN,,,,,,,https://a.espncdn.com/i/teamlogos/ncaa/500/135.png
Nebraska,Big Ten,B1G,TRUE,TRUE,Cornhuskers,NEB,,,,,,,https://a.espncdn.com/i/teamlogos/ncaa/500/158.png
Northwestern,Big Ten,B1G,TRUE,TRUE,Wildcats,NW,,,,,,,https://a.espncdn.com/i/teamlogos/ncaa/500/77.png
Ohio St.,Big Ten,B1G,TRUE,TRUE,Buckeyes,OSU,Ohio St,Ohio State,,,,,https://a.espncdn.com/i/teamlogos/ncaa/500/194.png
Penn State,Big Ten,B1G,TRUE,TRUE,Nittany Lions,PSU,Penn St.,Penn St,,,,,https://a.espncdn.com/i/teamlogos/ncaa/500/213.png
Purdue,Big Ten,B1G,TRUE,TRUE,Boilermakers,PUR,,,,,,,https://a.espncdn.com/i/teamlogos/ncaa/500/2509.png
Rutgers,Big Ten,B1G,TRUE,TRUE,Scarlet Knights,RUTG,,,,,,,https://a.espncdn.com/i/teamlogos/ncaa/500/164.png
Wisconsin,Big Ten,B1G,TRUE,TRUE,Badgers,WIS,,,,,,,https://a.espncdn.com/i/teamlogos/ncaa/500/275.png
Charlotte,Conference USA,C-USA,FALSE,TRUE,49ers,CHAR,,,,,,,https://a.espncdn.com/i/teamlogos/ncaa/500/2429.png
Florida Atlantic,Conference USA,C-USA,FALSE,TRUE,Owls,FAU,FL Atlantic,Fla. Atlantic,,,,,https://a.espncdn.com/i/teamlogos/ncaa/500/2226.png
Florida Intl,Conference USA,C-USA,FALSE,TRUE,Golden Panthers,FIU,Florida International,Florida Int.,Florida Intl.,Florida Int'l,Florida International Panthers,,https://a.espncdn.com/i/teamlogos/ncaa/500/2229.png
Louisiana Tech,Conference USA,C-USA,FALSE,TRUE,Bulldogs,LT,LA Tech,La Tech,,,,,https://a.espncdn.com/i/teamlogos/ncaa/500/2348.png
Marshall,Conference USA,C-USA,FALSE,TRUE,Thundering Herd,MRSH,,,,,,,https://a.espncdn.com/i/teamlogos/ncaa/500/276.png
Middle Tennessee,Conference USA,C-USA,FALSE,TRUE,Blue Raiders,MTSU,Middle Tenn,Mid Tennessee,Middle Tenn.,Middle Tennessee State,,,https://a.espncdn.com/i/teamlogos/ncaa/500/2393.png
North Texas,Conference USA,C-USA,FALSE,TRUE,Mean Green,UNT,N Texas,,,,,,https://a.espncdn.com/i/teamlogos/ncaa/500/249.png
Old Dominion,Conference USA,C-USA,FALSE,TRUE,Monarchs,ODU,,,,,,,https://a.espncdn.com/i/teamlogos/ncaa/500/295.png
Rice,Conference USA,C-USA,FALSE,TRUE,Owls,RICE,,,,,,,https://a.espncdn.com/i/teamlogos/ncaa/500/242.png
Southern Miss,Conference USA,C-USA,FALSE,TRUE,Golden Eagles,USM,Southern Mississippi,Southern Miss.,,,,,https://a.espncdn.com/i/teamlogos/ncaa/500/2572.png
UAB,Conference USA,C-USA,FALSE,TRUE,Blazers,UAB,Alabama-Birmingham,Alabama Birmingham,,,,,https://a.espncdn.com/i/teamlogos/ncaa/500/5.png
UTEP,Conference USA,C-USA,FALSE,TRUE,Miners,UTEP,Texas El-Paso,Texas-El Paso,,,,,https://a.espncdn.com/i/teamlogos/ncaa/500/2638.png
UTSA,Conference USA,C-USA,FALSE,TRUE,Roadrunners,UTSA,Texas San-Antonio,Texas-San Antonio,UT San Antonio,,,,https://a.espncdn.com/i/teamlogos/ncaa/500/2636.png
Western Kentucky,Conference USA,C-USA,FALSE,TRUE,Hilltoppers,WKU,W Kentucky,W. Kentucky,Western Ky.,,,,https://a.espncdn.com/i/teamlogos/ncaa/500/98.png
Army,Independent (FBS),IND (FBS),FALSE,TRUE,Black Knights,ARMY,Army West Point,,,,,,https://a.espncdn.com/i/teamlogos/ncaa/500/349.png
BYU,Independent (FBS),IND (FBS),FALSE,TRUE,Cougars,BYU,Brigham Young,,,,,,https://a.espncdn.com/i/teamlogos/ncaa/500/252.png
Liberty,Independent (FBS),IND (FBS),FALSE,TRUE,Flames,LIB,,,,,,,https://a.espncdn.com/i/teamlogos/ncaa/500/2335.png
Massachusetts,Independent (FBS),IND (FBS),FALSE,TRUE,Minutemen,UMASS,UMass,Mass,,,,,https://a.espncdn.com/i/teamlogos/ncaa/500/113.png
New Mexico State,Independent (FBS),IND (FBS),FALSE,TRUE,Aggies,NMSU,New Mexico St,New Mexico St.,,,,,https://a.espncdn.com/i/teamlogos/ncaa/500/166.png
Notre Dame,Independent (FBS),IND (FBS),TRUE,TRUE,Fighting Irish,ND,,,,,,,https://a.espncdn.com/i/teamlogos/ncaa/500/87.png
Akron,Mid-American,MAC,FALSE,TRUE,Zips,AKR,,,,,,,https://a.espncdn.com/i/teamlogos/ncaa/500/2006.png
Ball St.,Mid-American,MAC,FALSE,TRUE,Cardinals,BALL,Ball St,Ball State,,,,,https://a.espncdn.com/i/teamlogos/ncaa/500/2050.png
Bowling Green,Mid-American,MAC,FALSE,TRUE,Falcons,BGSU,Bowling Green State,Bowling Green St.,Bowling Green St,,,,https://a.espncdn.com/i/teamlogos/ncaa/500/189.png
Buffalo,Mid-American,MAC,FALSE,TRUE,Bulls,BUFF,,,,,,,https://a.espncdn.com/i/teamlogos/ncaa/500/2084.png
Central Michigan,Mid-American,MAC,FALSE,TRUE,Chippewas,CMU,Cent Michigan,C Michigan,Central Mich.,,,,https://a.espncdn.com/i/teamlogos/ncaa/500/2117.png
Eastern Michigan,Mid-American,MAC,FALSE,TRUE,Eagles,EMU,E Michigan,Eastern Mich.,,,,,https://a.espncdn.com/i/teamlogos/ncaa/500/2199.png
Kent State,Mid-American,MAC,FALSE,TRUE,Golden Flashes,KENT,Kent St.,Kent St,Kent,,,,https://a.espncdn.com/i/teamlogos/ncaa/500/2309.png
Miami (OH),Mid-American,MAC,FALSE,TRUE,RedHawks,M-OH,Miami (Ohio),Miami OH,"Miami, Ohio",,,,https://a.espncdn.com/i/teamlogos/ncaa/500/193.png
Northern Illinois,Mid-American,MAC,FALSE,TRUE,Huskies,NIU,N Illinois,Northern Ill.,,,,,https://a.espncdn.com/i/teamlogos/ncaa/500/2459.png
Ohio,Mid-American,MAC,FALSE,TRUE,Bobcats,OHIO,,,,,,,https://a.espncdn.com/i/teamlogos/ncaa/500/195.png
Toledo,Mid-American,MAC,FALSE,TRUE,Rockets,TOL,TOLEDO,,,,,,https://a.espncdn.com/i/teamlogos/ncaa/500/2649.png
Western Michigan,Mid-American,MAC,FALSE,TRUE,Broncos,WMU,W Michigan,Western Mich.,,,,,https://a.espncdn.com/i/teamlogos/ncaa/500/2711.png
Air Force,Mountain West,MWC,FALSE,TRUE,Falcons,AFA,,,,,,,https://a.espncdn.com/i/teamlogos/ncaa/500/2005.png
Boise St.,Mountain West,MWC,FALSE,TRUE,Broncos,BSU,Boise St,Boise State,,,,,https://a.espncdn.com/i/teamlogos/ncaa/500/68.png
Colorado St.,Mountain West,MWC,FALSE,TRUE,Rams,CSU,Colorado St,Colorado State,,,,,https://a.espncdn.com/i/teamlogos/ncaa/500/36.png
Fresno St.,Mountain West,MWC,FALSE,TRUE,Bulldogs,FRES,Fresno St,Fresno State,,,,,https://a.espncdn.com/i/teamlogos/ncaa/500/278.png
Hawaii,Mountain West,MWC,FALSE,TRUE,Rainbow Warriors,HAW,Hawai'i,,,,,,https://a.espncdn.com/i/teamlogos/ncaa/500/62.png
Nevada,Mountain West,MWC,FALSE,TRUE,Wolf Pack,NEV,,,,,,,https://a.espncdn.com/i/teamlogos/ncaa/500/2440.png
New Mexico,Mountain West,MWC,FALSE,TRUE,Lobos,UNM,,,,,,,https://a.espncdn.com/i/teamlogos/ncaa/500/167.png
San Diego St.,Mountain West,MWC,FALSE,TRUE,Aztecs,SDSU,San Diego St,San Diego State,,,,,https://a.espncdn.com/i/teamlogos/ncaa/500/21.png
San Jose St.,Mountain West,MWC,FALSE,TRUE,Spartans,SJSU,San Jose St,San Jose State,San Jos√© State,San JosÈ St,San Jos√© St,,https://a.espncdn.com/i/teamlogos/ncaa/500/23.png
UNLV,Mountain West,MWC,FALSE,TRUE,Rebels,UNLV,Nevada-Las Vegas,Nevada Las Vegas,,,,,https://a.espncdn.com/i/teamlogos/ncaa/500/2439.png
Utah St.,Mountain West,MWC,FALSE,TRUE,Aggies,USU,Utah St,Utah State,,,,,https://a.espncdn.com/i/teamlogos/ncaa/500/328.png
Wyoming,Mountain West,MWC,FALSE,TRUE,Cowboys,WYO,,,,,,,https://a.espncdn.com/i/teamlogos/ncaa/500/2751.png
Arizona,Pac 12,Pac-12,TRUE,TRUE,Wildcats,ARIZ,,,,,,,https://a.espncdn.com/i/teamlogos/ncaa/500/12.png
Arizona St.,Pac 12,Pac-12,TRUE,TRUE,Sun Devils,ASU,Arizona St,Arizona State,,,,,https://a.espncdn.com/i/teamlogos/ncaa/500/9.png
California,Pac 12,Pac-12,TRUE,TRUE,Golden Bears,CAL,Cal,,,,,,https://a.espncdn.com/i/teamlogos/ncaa/500/25.png
Colorado,Pac 12,Pac-12,TRUE,TRUE,Buffaloes,COLO,,,,,,,https://a.espncdn.com/i/teamlogos/ncaa/500/38.png
Oregon,Pac 12,Pac-12,TRUE,TRUE,Ducks,ORE,UO,,,,,,https://a.espncdn.com/i/teamlogos/ncaa/500/2483.png
Oregon St.,Pac 12,Pac-12,TRUE,TRUE,Beavers,ORST,Oregon St,Oregon State,,,,,https://a.espncdn.com/i/teamlogos/ncaa/500/204.png
Stanford,Pac 12,Pac-12,TRUE,TRUE,Cardinal,STAN,,,,,,,https://a.espncdn.com/i/teamlogos/ncaa/500/24.png
UCLA,Pac 12,Pac-12,TRUE,TRUE,Bruins,UCLA,,,,,,,https://a.espncdn.com/i/teamlogos/ncaa/500/26.png
USC,Pac 12,Pac-12,TRUE,TRUE,Trojans,USC,Southern Cal,Southern California,,,,,https://a.espncdn.com/i/teamlogos/ncaa/500/30.png
Utah,Pac 12,Pac-12,TRUE,TRUE,Utes,UTAH,,,,,,,https://a.espncdn.com/i/teamlogos/ncaa/500/254.png
Washington,Pac 12,Pac-12,TRUE,TRUE,Huskies,WASH,UW,,,,,,https://a.espncdn.com/i/teamlogos/ncaa/500/264.png
Washington St.,Pac 12,Pac-12,TRUE,TRUE,Cougars,WSU,Washington St,Washington State,,,,,https://a.espncdn.com/i/teamlogos/ncaa/500/265.png
Alabama,Southeastern,SEC,TRUE,TRUE,Crimson Tide,ALA,BAMA,,,,,,https://a.espncdn.com/i/teamlogos/ncaa/500/333.png
Arkansas,Southeastern,SEC,TRUE,TRUE,Razorbacks,ARK,,,,,,,https://a.espncdn.com/i/teamlogos/ncaa/500/8.png
Auburn,Southeastern,SEC,TRUE,TRUE,Tigers,AUB,,,,,,,https://a.espncdn.com/i/teamlogos/ncaa/500/2.png
Florida,Southeastern,SEC,TRUE,TRUE,Gators,FLA,UF,,,,,,https://a.espncdn.com/i/teamlogos/ncaa/500/57.png
Georgia,Southeastern,SEC,TRUE,TRUE,Bulldogs,UGA,,,,,,,https://a.espncdn.com/i/teamlogos/ncaa/500/61.png
Kentucky,Southeastern,SEC,TRUE,TRUE,Wildcats,UK,,,,,,,https://a.espncdn.com/i/teamlogos/ncaa/500/96.png
LSU,Southeastern,SEC,TRUE,TRUE,Tigers,LSU,Louisiana State,,,,,,https://a.espncdn.com/i/teamlogos/ncaa/500/99.png
Ole Miss,Southeastern,SEC,TRUE,TRUE,Rebels,MISS,Mississippi,,,,,,https://a.espncdn.com/i/teamlogos/ncaa/500/145.png
Mississippi St.,Southeastern,SEC,TRUE,TRUE,Bulldogs,MSST,Mississippi St,Mississippi State,Miss St,Miss St.,,,https://a.espncdn.com/i/teamlogos/ncaa/500/344.png
Missouri,Southeastern,SEC,TRUE,TRUE,Tigers,MIZ,MIZZ,,,,,,https://a.espncdn.com/i/teamlogos/ncaa/500/142.png
South Carolina,Southeastern,SEC,TRUE,TRUE,Gamecocks,SC,SCAR,S Carolina,,,,,https://a.espncdn.com/i/teamlogos/ncaa/500/2579.png
Tennessee,Southeastern,SEC,TRUE,TRUE,Volunteers,TENN,,,,,,,https://a.espncdn.com/i/teamlogos/ncaa/500/2633.png
Texas A&M,Southeastern,SEC,TRUE,TRUE,Aggies,TAMU,Texas A&M,,,,,,https://a.espncdn.com/i/teamlogos/ncaa/500/245.png
Vanderbilt,Southeastern,SEC,TRUE,TRUE,Commodores,VAN,,,,,,,https://a.espncdn.com/i/teamlogos/ncaa/500/238.png
Appalachian St.,Sun Belt,Sun Belt,FALSE,TRUE,Mountaineers,APP,Appalachian St,App State,Appalachian,Appalachian State,,,https://a.espncdn.com/i/teamlogos/ncaa/500/2026.png
Arkansas St.,Sun Belt,Sun Belt,FALSE,TRUE,Red Wolves,ARST,Arkansas St,AKST,Arkansas State,,,,https://a.espncdn.com/i/teamlogos/ncaa/500/2032.png
Coastal Carolina,Sun Belt,Sun Belt,FALSE,TRUE,Chanticleers,CCU,C. Carolina,Coast Carolina,Coastal Car,Coastal Caro.,,,https://a.espncdn.com/i/teamlogos/ncaa/500/324.png
Georgia Southern,Sun Belt,Sun Belt,FALSE,TRUE,Eagles,GASO,Ga Southern,Ga. Southern,,,,,https://a.espncdn.com/i/teamlogos/ncaa/500/290.png
Georgia St.,Sun Belt,Sun Belt,FALSE,TRUE,Panthers,GAST,GSU,Georgia St,Georgia State,,,,https://a.espncdn.com/i/teamlogos/ncaa/500/2247.png
Louisiana,Sun Belt,Sun Belt,FALSE,TRUE,Ragin' Cajuns,ULL,Louisiana Lafayette,Louisiana-Lafayette,La.-Lafayette,UL Lafayette,,,https://a.espncdn.com/i/teamlogos/ncaa/500/309.png
UL Monroe,Sun Belt,Sun Belt,FALSE,TRUE,Warhawks,ULM,Louisiana Monroe,Louisiana-Monroe,La.-Monroe,,,,https://a.espncdn.com/i/teamlogos/ncaa/500/2433.png
South Alabama,Sun Belt,Sun Belt,FALSE,TRUE,Jaguars,USA,S Alabama,South Ala.,,,,,https://a.espncdn.com/i/teamlogos/ncaa/500/6.png
Texas St.,Sun Belt,Sun Belt,FALSE,TRUE,Bobcats,TXST,Texas St,Texas State,,,,,https://a.espncdn.com/i/teamlogos/ncaa/500/326.png
Troy,Sun Belt,Sun Belt,FALSE,TRUE,Trojans,TROY,Troy St.,Troy St,Troy State,,,,https://a.espncdn.com/i/teamlogos/ncaa/500/2653.png
Cal Poly,Big Sky,Big Sky,FALSE,FALSE,Mustangs,CP,,,,,,,https://a.espncdn.com/i/teamlogos/ncaa/500/13.png
Eastern Washington,Big Sky,Big Sky,FALSE,FALSE,Eagles,EWU,E Washington,Eastern Washington Eagles,E. Washington,Eastern Wash.,,,https://a.espncdn.com/i/teamlogos/ncaa/500/331.png
Idaho,Big Sky,Big Sky,FALSE,FALSE,Vandals,IDHO,,,,,,,https://a.espncdn.com/i/teamlogos/ncaa/500/70.png
Idaho State,Big Sky,Big Sky,FALSE,FALSE,Bengals,IDST,Idaho St,Idaho St.,,,,,https://a.espncdn.com/i/teamlogos/ncaa/500/304.png
Montana,Big Sky,Big Sky,FALSE,FALSE,Grizzlies,MONT,,,,,,,https://a.espncdn.com/i/teamlogos/ncaa/500/149.png
Montana State,Big Sky,Big Sky,FALSE,FALSE,Bobcats,MTST,Montana St,Montana St.,,,,,https://a.espncdn.com/i/teamlogos/ncaa/500/147.png
Northern Arizona,Big Sky,Big Sky,FALSE,FALSE,Lumberjacks,NAU,N Arizona,Northern Ariz.,,,,,https://a.espncdn.com/i/teamlogos/ncaa/500/2464.png
Northern Colorado,Big Sky,Big Sky,FALSE,FALSE,Bears,UNCO,N Colorado,Northern Colo.,,,,,https://a.espncdn.com/i/teamlogos/ncaa/500/2458.png
Portland State,Big Sky,Big Sky,FALSE,FALSE,Vikings,PRST,Portland St,Portland St.,,,,,https://a.espncdn.com/i/teamlogos/ncaa/500/2502.png
Sacramento State,Big Sky,Big Sky,FALSE,FALSE,Hornets,SAC,Sacramento St,Sacramento St.,,,,,https://a.espncdn.com/i/teamlogos/ncaa/500/16.png
Southern Utah,Big Sky,Big Sky,FALSE,FALSE,Thunderbirds,SUU,,,,,,,https://a.espncdn.com/i/teamlogos/ncaa/500/253.png
UC Davis,Big Sky,Big Sky,FALSE,FALSE,Aggies,UCD,,,,,,,https://a.espncdn.com/i/teamlogos/ncaa/500/302.png
Weber State,Big Sky,Big Sky,FALSE,FALSE,Wildcats,WEB,Weber St,Weber St.,,,,,https://a.espncdn.com/i/teamlogos/ncaa/500/2692.png
Charleston Southern,Big South,Big South,FALSE,FALSE,Buccaneers,CHSO,Charleston So,Charleston So.,,,,,https://a.espncdn.com/i/teamlogos/ncaa/500/2127.png
Campbell,Big South,Big South,FALSE,FALSE,Fighting Camels,CAMP,,,,,,,https://a.espncdn.com/i/teamlogos/ncaa/500/2097.png
Gardner-Webb,Big South,Big South,FALSE,FALSE,Bulldogs,WEBB,,,,,,,https://a.espncdn.com/i/teamlogos/ncaa/500/2241.png
Kennesaw State,Big South,Big South,FALSE,FALSE,Owls,KENN,Kennesaw St,Kennesaw St.,,,,,https://a.espncdn.com/i/teamlogos/ncaa/500/338.png
Monmouth,Big South,Big South,FALSE,FALSE,Hawks,MONM,,,,,,,https://a.espncdn.com/i/teamlogos/ncaa/500/2405.png
Presbyterian,Big South,Big South,FALSE,FALSE,Blue Hose,PRE,Presbyterian College,,,,,,https://a.espncdn.com/i/teamlogos/ncaa/500/2506.png
Albany,Colonial Athletic,CAA,FALSE,FALSE,Great Danes,ALBY,Albany (NY),,,,,,https://a.espncdn.com/i/teamlogos/ncaa/500/399.png
Delaware,Colonial Athletic,CAA,FALSE,FALSE,Blue Hens,DEL,,,,,,,https://a.espncdn.com/i/teamlogos/ncaa/500/48.png
Elon,Colonial Athletic,CAA,FALSE,FALSE,Phoenix,ELON,,,,,,,https://a.espncdn.com/i/teamlogos/ncaa/500/2210.png
James Madison,Colonial Athletic,CAA,FALSE,FALSE,Dukes,JMU,,,,,,,https://a.espncdn.com/i/teamlogos/ncaa/500/256.png
Maine,Colonial Athletic,CAA,FALSE,FALSE,Black Bears,MAINE,,,,,,,https://a.espncdn.com/i/teamlogos/ncaa/500/311.png
New Hampshire,Colonial Athletic,CAA,FALSE,FALSE,Wildcats,UNH,,,,,,,https://a.espncdn.com/i/teamlogos/ncaa/500/160.png
Rhode Island,Colonial Athletic,CAA,FALSE,FALSE,Rams,URI,,,,,,,https://a.espncdn.com/i/teamlogos/ncaa/500/227.png
Richmond,Colonial Athletic,CAA,FALSE,FALSE,Spiders,RICH,,,,,,,https://a.espncdn.com/i/teamlogos/ncaa/500/257.png
Stony Brook,Colonial Athletic,CAA,FALSE,FALSE,Seawolves,STON,,,,,,,https://a.espncdn.com/i/teamlogos/ncaa/500/2619.png
Towson,Colonial Athletic,CAA,FALSE,FALSE,Tigers,TOWS,,,,,,,https://a.espncdn.com/i/teamlogos/ncaa/500/119.png
Villanova,Colonial Athletic,CAA,FALSE,FALSE,Wildcats,NOVA,,,,,,,https://a.espncdn.com/i/teamlogos/ncaa/500/222.png
William & Mary,Colonial Athletic,CAA,FALSE,FALSE,Tribe,W&M,,,,,,,https://a.espncdn.com/i/teamlogos/ncaa/500/2729.png
Hampton,Independent (FCS),Ind (FCS),FALSE,FALSE,Pirates,HAMP,,,,,,,https://a.espncdn.com/i/teamlogos/ncaa/500/2261.png
North Alabama,Independent (FCS),Ind (FCS),FALSE,FALSE,Lions,,North Ala.,,,,,,https://a.espncdn.com/i/teamlogos/ncaa/500/2453.png
North Dakota,Independent (FCS),Ind (FCS),FALSE,FALSE,Fighting Hawks,UND,,,,,,,https://a.espncdn.com/i/teamlogos/ncaa/500/155.png
Brown,Ivy League,Ivy,FALSE,FALSE,Bears,BRWN,,,,,,,https://a.espncdn.com/i/teamlogos/ncaa/500/225.png
Columbia,Ivy League,Ivy,FALSE,FALSE,Lions,CLMB,,,,,,,https://a.espncdn.com/i/teamlogos/ncaa/500/171.png
Cornell,Ivy League,Ivy,FALSE,FALSE,Big Red,COR,,,,,,,https://a.espncdn.com/i/teamlogos/ncaa/500/172.png
Dartmouth,Ivy League,Ivy,FALSE,FALSE,Big Green,DART,,,,,,,https://a.espncdn.com/i/teamlogos/ncaa/500/159.png
Harvard,Ivy League,Ivy,FALSE,FALSE,Crimson,HARV,,,,,,,https://a.espncdn.com/i/teamlogos/ncaa/500/108.png
Penn,Ivy League,Ivy,FALSE,FALSE,Quakers,PENN,Pennsylvania,,,,,,https://a.espncdn.com/i/teamlogos/ncaa/500/219.png
Princeton,Ivy League,Ivy,FALSE,FALSE,Tigers,PRIN,,,,,,,https://a.espncdn.com/i/teamlogos/ncaa/500/163.png
Yale,Ivy League,Ivy,FALSE,FALSE,Bulldogs,YALE,,,,,,,https://a.espncdn.com/i/teamlogos/ncaa/500/43.png
Bethune-Cookman,Mid-Eastern Atheltic,MEAC,FALSE,FALSE,Wildcats,COOK,,,,,,,https://a.espncdn.com/i/teamlogos/ncaa/500/2065.png
Delaware State,Mid-Eastern Atheltic,MEAC,FALSE,FALSE,Hornets,DSU,,,,,,,https://a.espncdn.com/i/teamlogos/ncaa/500/2169.png
Florida A&M,Mid-Eastern Atheltic,MEAC,FALSE,FALSE,Rattlers,FAMU,,,,,,,https://a.espncdn.com/i/teamlogos/ncaa/500/50.png
Howard,Mid-Eastern Atheltic,MEAC,FALSE,FALSE,Bison,HOW,,,,,,,https://a.espncdn.com/i/teamlogos/ncaa/500/47.png
Morgan State,Mid-Eastern Atheltic,MEAC,FALSE,FALSE,Bears,MORG,Morgan St.,,,,,,https://a.espncdn.com/i/teamlogos/ncaa/500/2415.png
Norfolk State,Mid-Eastern Atheltic,MEAC,FALSE,FALSE,Spartans,NORF,Norfolk St.,,,,,,https://a.espncdn.com/i/teamlogos/ncaa/500/2450.png
North Carolina A&T,Mid-Eastern Atheltic,MEAC,FALSE,FALSE,Aggies,NCAT,N Carolina A&T,NC A&T,N.C. A&T,,,,https://a.espncdn.com/i/teamlogos/ncaa/500/2448.png
North Carolina Central,Mid-Eastern Atheltic,MEAC,FALSE,FALSE,Eagles,NCCU,NC Central,,,,,,https://a.espncdn.com/i/teamlogos/ncaa/500/2428.png
Savannah State,Mid-Eastern Atheltic,MEAC,FALSE,FALSE,Tigers,SAV,Savannah St.,,,,,,https://a.espncdn.com/i/teamlogos/ncaa/500/2542.png
South Carolina State,Mid-Eastern Atheltic,MEAC,FALSE,FALSE,Bulldogs,SCST,S Carolina St,S. Carolina St.,S Carolina St.,South Carolina St.,South Carolina St,,https://a.espncdn.com/i/teamlogos/ncaa/500/2569.png
Illinois State,Missouri Valley,MVC,FALSE,FALSE,Redbirds,ILST,Illinois St,Illinois St.,,,,,https://a.espncdn.com/i/teamlogos/ncaa/500/2287.png
Indiana State,Missouri Valley,MVC,FALSE,FALSE,Sycamores,INST,Indiana St,Indiana St.,,,,,https://a.espncdn.com/i/teamlogos/ncaa/500/282.png
Missouri State,Missouri Valley,MVC,FALSE,FALSE,Bears,MOST,Missouri St,Missouri St.,,,,,https://a.espncdn.com/i/teamlogos/ncaa/500/2623.png
North Dakota State,Missouri Valley,MVC,FALSE,FALSE,Bison,NDSU,North Dakota St,North Dakota St.,N Dakota St,,,,https://a.espncdn.com/i/teamlogos/ncaa/500/2449.png
Northern Iowa,Missouri Valley,MVC,FALSE,FALSE,Panthers,UNI,N Iowa,,,,,,https://a.espncdn.com/i/teamlogos/ncaa/500/2460.png
South Dakota,Missouri Valley,MVC,FALSE,FALSE,Coyotes,SDAK,S Dakota,,,,,,https://a.espncdn.com/i/teamlogos/ncaa/500/233.png
South Dakota State,Missouri Valley,MVC,FALSE,FALSE,Jackrabbits,SDSU,SDKST,South Dakota St,South Dakota State,S Dakota St,South Dakota St.,,https://a.espncdn.com/i/teamlogos/ncaa/500/2571.png
Southern Illinois,Missouri Valley,MVC,FALSE,FALSE,Salukis,SIU,S Illinois,Southern Ill.,,,,,https://a.espncdn.com/i/teamlogos/ncaa/500/79.png
Western Illinois,Missouri Valley,MVC,FALSE,FALSE,Leathernecks,WIU,W Illinois,Western Ill.,,,,,https://a.espncdn.com/i/teamlogos/ncaa/500/2710.png
Youngstown State,Missouri Valley,MVC,FALSE,FALSE,Penguins,YSU,Youngstown St,Youngstown St.,,,,,https://a.espncdn.com/i/teamlogos/ncaa/500/2754.png
Bryant,Northeast,NEC,FALSE,FALSE,Bulldogs,BRY,,,,,,,https://a.espncdn.com/i/teamlogos/ncaa/500/2803.png
Central Connecticut,Northeast,NEC,FALSE,FALSE,Blue Devils,CCSU,Cent Conn St,Central Conn. St.,,,,,https://a.espncdn.com/i/teamlogos/ncaa/500/2115.png
Duquesne,Northeast,NEC,FALSE,FALSE,Dukes,DUQ,,,,,,,https://a.espncdn.com/i/teamlogos/ncaa/500/2184.png
Robert Morris (PA),Northeast,NEC,FALSE,FALSE,Colonials,RMU,Robert Morris,,,,,,https://a.espncdn.com/i/teamlogos/ncaa/500/2523.png
Sacred Heart,Northeast,NEC,FALSE,FALSE,Pioneers,SHU,,,,,,,https://a.espncdn.com/i/teamlogos/ncaa/500/2529.png
St. Francis (PA),Northeast,NEC,FALSE,FALSE,Red Flash,SFU,St Francis (PA),,,,,,https://a.espncdn.com/i/teamlogos/ncaa/500/2598.png
Wagner,Northeast,NEC,FALSE,FALSE,Seahawks,WAG,,,,,,,https://a.espncdn.com/i/teamlogos/ncaa/500/2681.png
Austin Peay,Ohio Valley,OVC,FALSE,FALSE,Governors,PEAY,,,,,,,https://a.espncdn.com/i/teamlogos/ncaa/500/2046.png
Eastern Illinois,Ohio Valley,OVC,FALSE,FALSE,Panthers,EIU,E Illinois,Eastern Ill.,,,,,https://a.espncdn.com/i/teamlogos/ncaa/500/2197.png
Eastern Kentucky,Ohio Valley,OVC,FALSE,FALSE,Colonels,EKY,E Kentucky,Eastern Ky.,,,,,https://a.espncdn.com/i/teamlogos/ncaa/500/2198.png
Jacksonville State,Ohio Valley,OVC,FALSE,FALSE,Gamecocks,JVST,Jacksonville St,Jacksonville St.,,,,,https://a.espncdn.com/i/teamlogos/ncaa/500/55.png
Murray State,Ohio Valley,OVC,FALSE,FALSE,Racers,MURR,Murray St.,Murray St,,,,,https://a.espncdn.com/i/teamlogos/ncaa/500/93.png
Southeast Missouri,Ohio Valley,OVC,FALSE,FALSE,Redhawks,SEMO,Southeast Missouri State,Southeast Missouri St,Southeast Missouri St.,SE Missouri,SE Missouri St,SE Missouri St.,https://a.espncdn.com/i/teamlogos/ncaa/500/2546.png
Tennessee State,Ohio Valley,OVC,FALSE,FALSE,Tigers,TNST,Tennessee St,Tennessee St.,,,,,https://a.espncdn.com/i/teamlogos/ncaa/500/2634.png
Tennessee Tech,Ohio Valley,OVC,FALSE,FALSE,Golden Eagles,TNTC,Tenn Tech,,,,,,https://a.espncdn.com/i/teamlogos/ncaa/500/2635.png
Tennessee-Martin,Ohio Valley,OVC,FALSE,FALSE,Skyhawks,UTM,UT Martin,,,,,,https://a.espncdn.com/i/teamlogos/ncaa/500/2630.png
Bucknell,Patriot,Patriot,FALSE,FALSE,Bison,BUCK,,,,,,,https://a.espncdn.com/i/teamlogos/ncaa/500/2083.png
Colgate,Patriot,Patriot,FALSE,FALSE,Raiders,COLG,,,,,,,https://a.espncdn.com/i/teamlogos/ncaa/500/2142.png
Fordham,Patriot,Patriot,FALSE,FALSE,Rams,FOR,,,,,,,https://a.espncdn.com/i/teamlogos/ncaa/500/2230.png
Georgetown,Patriot,Patriot,FALSE,FALSE,Hoyas,GTWN,,,,,,,https://a.espncdn.com/i/teamlogos/ncaa/500/46.png
Holy Cross,Patriot,Patriot,FALSE,FALSE,Crusaders,HC,,,,,,,https://a.espncdn.com/i/teamlogos/ncaa/500/107.png
Lafayette,Patriot,Patriot,FALSE,FALSE,Leopards,LAF,,,,,,,https://a.espncdn.com/i/teamlogos/ncaa/500/322.png
Lehigh,Patriot,Patriot,FALSE,FALSE,Mountain Hawks,LEH,,,,,,,https://a.espncdn.com/i/teamlogos/ncaa/500/2329.png
Butler,Pioneer,Pioneer,FALSE,FALSE,Bulldogs,BUT,,,,,,,https://a.espncdn.com/i/teamlogos/ncaa/500/2086.png
Davidson,Pioneer,Pioneer,FALSE,FALSE,Wildcats,DAV,,,,,,,https://a.espncdn.com/i/teamlogos/ncaa/500/2166.png
Dayton,Pioneer,Pioneer,FALSE,FALSE,Flyers,DAY,,,,,,,https://a.espncdn.com/i/teamlogos/ncaa/500/2168.png
Drake,Pioneer,Pioneer,FALSE,FALSE,Bulldogs,DRKE,,,,,,,https://a.espncdn.com/i/teamlogos/ncaa/500/2181.png
Jacksonville,Pioneer,Pioneer,FALSE,FALSE,Dolphins,JAC,,,,,,,https://a.espncdn.com/i/teamlogos/ncaa/500/294.png
Marist,Pioneer,Pioneer,FALSE,FALSE,Red Foxes,MRST,,,,,,,https://a.espncdn.com/i/teamlogos/ncaa/500/2368.png
Morehead State,Pioneer,Pioneer,FALSE,FALSE,Eagles,MORE,Morehead St,Morehead St.,,,,,https://a.espncdn.com/i/teamlogos/ncaa/500/2413.png
San Diego,Pioneer,Pioneer,FALSE,FALSE,Toreros,USD,UC San Diego,,,,,,https://a.espncdn.com/i/teamlogos/ncaa/500/301.png
Stetson,Pioneer,Pioneer,FALSE,FALSE,Hatters,STET,,,,,,,https://a.espncdn.com/i/teamlogos/ncaa/500/56.png
Valparaiso,Pioneer,Pioneer,FALSE,FALSE,Crusaders,VALP,,,,,,,https://a.espncdn.com/i/teamlogos/ncaa/500/2674.png
Chattanooga,Southern,SoCon,FALSE,FALSE,Mocs,CHAT,,,,,,,https://a.espncdn.com/i/teamlogos/ncaa/500/236.png
Citadel,Southern,SoCon,FALSE,FALSE,Bulldogs,CIT,The Citadel,,,,,,https://a.espncdn.com/i/teamlogos/ncaa/500/2643.png
East Tennessee St.,Southern,SoCon,FALSE,FALSE,Buccaneers,ETSU,East Tennessee State,East Tennessee St,ETSU,E Tennessee State,,,https://a.espncdn.com/i/teamlogos/ncaa/500/2193.png
Furman,Southern,SoCon,FALSE,FALSE,Paladins,FUR,,,,,,,https://a.espncdn.com/i/teamlogos/ncaa/500/231.png
Mercer,Southern,SoCon,FALSE,FALSE,Bears,MER,,,,,,,https://a.espncdn.com/i/teamlogos/ncaa/500/2382.png
Samford,Southern,SoCon,FALSE,FALSE,Bulldogs,SAM,,,,,,,https://a.espncdn.com/i/teamlogos/ncaa/500/2535.png
VMI,Southern,SoCon,FALSE,FALSE,Keydets,VMI,,,,,,,https://a.espncdn.com/i/teamlogos/ncaa/500/2678.png
Western Carolina,Southern,SoCon,FALSE,FALSE,Catamounts,WCU,W Carolina,Western Caro.,,,,,https://a.espncdn.com/i/teamlogos/ncaa/500/2717.png
Wofford,Southern,SoCon,FALSE,FALSE,Terriers,WOF,,,,,,,https://a.espncdn.com/i/teamlogos/ncaa/500/2747.png
Abilene Christian,Southland,Southland,FALSE,FALSE,Wildcats,ACU,Abil Christian,,,,,,https://a.espncdn.com/i/teamlogos/ncaa/500/2000.png
Central Arkansas,Southland,Southland,FALSE,FALSE,Bears,UCA,Cent Arkansas,C Arkansas,Central Ark.,,,,https://a.espncdn.com/i/teamlogos/ncaa/500/2110.png
Houston Baptist,Southland,Southland,FALSE,FALSE,Huskies,HBU,,,,,,,https://a.espncdn.com/i/teamlogos/ncaa/500/2277.png
Incarnate Word,Southland,Southland,FALSE,FALSE,Cardinals,IW,,,,,,,https://a.espncdn.com/i/teamlogos/ncaa/500/2916.png
Lamar,Southland,Southland,FALSE,FALSE,Cardinals,LAM,Lamar University,,,,,,https://a.espncdn.com/i/teamlogos/ncaa/500/2320.png
McNeese State,Southland,Southland,FALSE,FALSE,Cowboys,MCNS,McNeese,McNeese St.,McNeese St,,,,https://a.espncdn.com/i/teamlogos/ncaa/500/2377.png
Nicholls State,Southland,Southland,FALSE,FALSE,Colonels,NICH,Nicholls,Nicholls St.,Nicholls St,,,,https://a.espncdn.com/i/teamlogos/ncaa/500/2447.png
Northwestern State,Southland,Southland,FALSE,FALSE,Demons,NWST,Northwestern St.,Northwestern St,,,,,https://a.espncdn.com/i/teamlogos/ncaa/500/2466.png
Sam Houston State,Southland,Southland,FALSE,FALSE,Bearkats,SHSU,Sam Houston St.,Sam Houston St,Sam Houston,,,,https://a.espncdn.com/i/teamlogos/ncaa/500/2534.png
Southeastern Louisiana,Southland,Southland,FALSE,FALSE,Lions,SELA,SE Louisiana,Southeastern La.,,,,,https://a.espncdn.com/i/teamlogos/ncaa/500/2545.png
Stephen F. Austin,Southland,Southland,FALSE,FALSE,Lumberjacks,SFA,Stephen F Austin,SF Austin,,,,,https://a.espncdn.com/i/teamlogos/ncaa/500/2617.png
Alabama A&M,Southwestern Athletic,SWAC,FALSE,FALSE,Bulldogs,AAMU,,,,,,,https://a.espncdn.com/i/teamlogos/ncaa/500/2010.png
Alabama State,Southwestern Athletic,SWAC,FALSE,FALSE,Hornets,ALST,Alabama St.,Alabama St,,,,,https://a.espncdn.com/i/teamlogos/ncaa/500/2011.png
Alcorn State,Southwestern Athletic,SWAC,FALSE,FALSE,Braves,ALCN,Alcorn St.,Alcorn St,Alcorn,,,,https://a.espncdn.com/i/teamlogos/ncaa/500/2016.png
Arkansas-Pine Bluff,Southwestern Athletic,SWAC,FALSE,FALSE,Golden Lions,UAPB,AR-Pine Bluff,Ark.-Pine Bluff,,,,,https://a.espncdn.com/i/teamlogos/ncaa/500/2029.png
Grambling,Southwestern Athletic,SWAC,FALSE,FALSE,Tigers,GRAM,Grambling St.,Grambling St,Grambling State,,,,https://a.espncdn.com/i/teamlogos/ncaa/500/2755.png
Jackson State,Southwestern Athletic,SWAC,FALSE,FALSE,Tigers,JKST,Jackson St.,Jackson St,,,,,https://a.espncdn.com/i/teamlogos/ncaa/500/2296.png
Mississippi Valley State,Southwestern Athletic,SWAC,FALSE,FALSE,Delta Devils,MVSU,Mississippi Valley St.,Mississippi Valley St,Mississippi Val.,,,,https://a.espncdn.com/i/teamlogos/ncaa/500/2400.png
Prairie View A&M,Southwestern Athletic,SWAC,FALSE,FALSE,Panthers,PVAMU,Prairie View,PV A&M,,,,,https://a.espncdn.com/i/teamlogos/ncaa/500/2504.png
Southern,Southwestern Athletic,SWAC,FALSE,FALSE,Jaguars,SOU,Southern University,Southern U.,,,,,https://a.espncdn.com/i/teamlogos/ncaa/500/2582.png
Texas Southern,Southwestern Athletic,SWAC,FALSE,FALSE,Tigers,TXSO,,,,,,,https://a.espncdn.com/i/teamlogos/ncaa/500/2640.png
Hofstra,,,FALSE,FALSE,Pride,,,,,,,,https://a.espncdn.com/i/teamlogos/ncaa/500/2275.png
Northeastern,,,FALSE,FALSE,Huskies,,,,,,,,https://a.espncdn.com/i/teamlogos/ncaa/500/111.png
Winston-Salem State,,,FALSE,FALSE,Rams,WSSU,Winston-Salem,,,,,,https://a.espncdn.com/i/teamlogos/ncaa/500/2736.png
New Mexico Highlands,,,FALSE,FALSE,Cowboys,NMHU,,,,,,,https://a.espncdn.com/i/teamlogos/ncaa/500/2424.png
Mary,,,FALSE,FALSE,Marauders,,,,,,,,https://a.espncdn.com/i/teamlogos/ncaa/500/110243.png
Arkansas Tech,,,FALSE,FALSE,Wonder Boys,,,,,,,,https://a.espncdn.com/i/teamlogos/ncaa/500/2033.png
Central Washington,,,FALSE,FALSE,Wildcats,,,,,,,,https://a.espncdn.com/i/teamlogos/ncaa/500/2120.png
Slippery Rock,,,FALSE,FALSE,The Rock,,,,,,,,https://a.espncdn.com/i/teamlogos/ncaa/500/215.png
La Salle,,,FALSE,FALSE,Explorers,,,,,,,,https://a.espncdn.com/i/teamlogos/ncaa/500/2325.png
Chadron State,,,FALSE,FALSE,Eagles,,,,,,,,https://s3.amazonaws.com/file.imleagues/Images/Intramurals/Uploaded/201609/20169717293757ed54469daf4923329a2f44d5eb464c8d.jpg
Minnesota State,,,FALSE,FALSE,Mavericks,,,,,,,,https://a.espncdn.com/i/teamlogos/ncaa/500/2364.png
Saint Peter's,,,FALSE,FALSE,Peacocks,,,,,,,,https://a.espncdn.com/i/teamlogos/ncaa/500/2612.png
Tuskegee,,,FALSE,FALSE,Golden Tigers,,,,,,,,https://a.espncdn.com/i/teamlogos/ncaa/500/2657.png
Chowan,,,FALSE,FALSE,Hawks,,,,,,,,https://a.espncdn.com/i/teamlogos/ncaa/500/2804.png
Iona,,,FALSE,FALSE,Gaels,,,,,,,,https://a.espncdn.com/i/teamlogos/ncaa/500/314.png
Florida Tech,,,FALSE,FALSE,Panthers,,Florida Institute of Technology,,,,,,https://a.espncdn.com/i/teamlogos/ncaa/500/53.png
Carnegie Mellon,,,FALSE,FALSE,Tartans,,,,,,,,https://a.espncdn.com/combiner/i?img=/i/teamlogos/cmu.png&w=250&h=250
Ferris State,,,FALSE,FALSE,Bulldogs,,,,,,,,https://a.espncdn.com/i/teamlogos/ncaa/500/2222.png
Southern Oregon,,,FALSE,FALSE,Raiders,,,,,,,,https://a.espncdn.com/i/teamlogos/ncaa/500/2584.png
Western Oregon,,,FALSE,FALSE,Wolves,,,,,,,,https://a.espncdn.com/i/teamlogos/ncaa/500/2848.png
Henderson State,,,FALSE,FALSE,Reddies,,,,,,,,https://a.espncdn.com/i/teamlogos/ncaa/500/2271.png
Mars Hill,,,FALSE,FALSE,Lions,,,,,,,,https://a.espncdn.com/i/teamlogos/ncaa/500/2369.png
Valdosta State,,,FALSE,FALSE,Blazers,,,,,,,,https://a.espncdn.com/i/teamlogos/ncaa/500/2673.png
Grand Valley State,,,FALSE,FALSE,Lakers,GVS,Grand Valley St.,,,,,,
Pacific,Big West,BWC,FALSE,FALSE,Tigers,,,,,,,,
Cal St. Fullerton,Big West,BWC,FALSE,FALSE,Titans,,Cal State Fullerton,CS Fullerton,,,,,
Long Beach St.,Big West,BWC,FALSE,FALSE,49ers,,Long Beach St,,,,,,
